{"val_loss": [1.0028371964107061, 0.9650578288407735, 0.9019202585328361, 0.8618071187039614, 0.804068102464737, 0.7814416655465518, 0.7517458497163478, 0.7264983615663975, 0.6943123413200558, 0.6952843186658386, 0.6484788954974942, 0.64624650448967, 0.62976368503539, 0.624464971638481, 0.6113578679507603, 0.5984516694675758, 0.5781737606563182, 0.5827472332832139, 0.5863831182755082, 0.5807313317165627, 0.5505352503685064, 0.5438328529883597, 0.5398385537954072, 0.5296430715569612, 0.5392750405378598, 0.5274609946544971, 0.5140570262573965, 0.5032644302800071, 0.502186320342703, 0.5012734033430254, 0.5106420489035565, 0.5512703394139397, 0.5006501456123643, 0.5081099948062358, 0.5115317115746887, 0.5101593831776616, 0.5002786382560789, 0.5372109396357774, 0.49900932988538776, 0.48873336550741553, 0.5105040638969722, 0.49012964896397676, 0.49648323353102136, 0.5030541038999533, 0.5063180993785357, 0.4795512546782935, 0.4917532426888405, 0.5225588460874825, 0.5191329274156281, 0.5146349623661903, 0.49762011535388045, 0.5249259732723379, 0.5138048946636384, 0.5194511611609097, 0.5447358493547537, 0.5256454874107909, 0.5244923152758441, 0.5104187261477507, 0.509887129435825, 0.5266768857627605, 0.5217015022216268, 0.5593723926122607, 0.5187754104542751, 0.5192690949555435, 0.5016114647711576, 0.5333745413681652, 0.5654732823079122, 0.5258243632201873, 0.5059490825057794, 0.5557214961907772, 0.5344310760043962, 0.5490690270362611, 0.5883028929188262, 0.5610960490236832, 0.5469002208217631, 0.5288994605260892, 0.5531226709341659, 0.5682169347194882, 0.5622077557947651, 0.5841675558199907, 0.5954230848427955, 0.5831294509417168, 0.5871602411261657, 0.5974468280349909, 0.6175176569924606, 0.5807382162770894, 0.6285670308878686, 0.605269384938617, 0.5840433254007492, 0.5896960451762822, 0.5926511775352712, 0.6067300393308103, 0.5902555600934943, 0.6003277607250185, 0.6056317349473117, 0.6197134157300664, 0.610675607020007, 0.6184225038273533, 0.6086961224065749, 0.6540346442502957], "val_acc": [0.5010024049971328, 0.5304731366544986, 0.5669607086511927, 0.588612673748897, 0.6279069800124039, 0.644546918792063, 0.659783484768227, 0.6739174044708204, 0.6972734601906805, 0.6857457949145852, 0.713913396765637, 0.7186247019191312, 0.7293504435201598, 0.7286487592394675, 0.7420809957607326, 0.7416800317423957, 0.7505012039862926, 0.7526062557290053, 0.7481956684240457, 0.7529069777599027, 0.763432235398002, 0.7721531647821379, 0.7675420987481772, 0.7725541276055139, 0.7730553300264079, 0.7777666365541069, 0.78618684407464, 0.7886928595249999, 0.7895950231321736, 0.7938051291748153, 0.7944065719341027, 0.7788692847097407, 0.7941058491264809, 0.7909983928646196, 0.7891940619339441, 0.7956094598187001, 0.7985164339100731, 0.7854851603914282, 0.8048315907036101, 0.8053327953351815, 0.7980152313218847, 0.8042301472153965, 0.8079390478616919, 0.8040296665625086, 0.8071371244734158, 0.8108460252870057, 0.8112469866166807, 0.8034282219988303, 0.8033279821145219, 0.8097433787923674, 0.8181635862531524, 0.8093424187890988, 0.8153568496561662, 0.8151563716799906, 0.8098436220942637, 0.8115477110494492, 0.812650357257297, 0.8249799458977692, 0.8184643093714642, 0.8168604589861301, 0.8201683984580954, 0.8053327932440001, 0.8215717655018796, 0.8203688803178937, 0.8264835553950277, 0.8209703235073671, 0.815858054156292, 0.8191659916685214, 0.8241780222107529, 0.8225741736059105, 0.8249799466744938, 0.8183640693198612, 0.8158580538575517, 0.8177626269071123, 0.8197674368296801, 0.826483555383078, 0.8246792243329065, 0.8247794665951871, 0.8275862003840153, 0.8200681579763065, 0.8210705648853766, 0.8251804289525284, 0.8207698410500883, 0.818364069021121, 0.8243785049667718, 0.8243785016806295, 0.8213712843710074, 0.8164594979551953, 0.8278869219608276, 0.822975136261992, 0.826884518517144, 0.8232758566796923, 0.8268845179196636, 0.8281876437049344, 0.8264835550843379, 0.8274859606311525, 0.8264835561120042, 0.8252806688368368, 0.8250801880405536, 0.8269847583895028], "loss": [1.2065856859780328, 1.0712290709877763, 0.9957132974819953, 0.9217544686297223, 0.8668516817206802, 0.8339149318973974, 0.8033729243367108, 0.7778378779239085, 0.7512160686439573, 0.7357045047798053, 0.7148357906038555, 0.6924549441419942, 0.675388558761474, 0.6597264763663651, 0.6418964441937947, 0.6287118005372536, 0.6129718163182934, 0.5998474372610985, 0.5893680030366271, 0.5800997858075552, 0.5632848081963958, 0.551360270378605, 0.5425566445141969, 0.5295767422145052, 0.5174439744760762, 0.5041050370012363, 0.49979990752887343, 0.48360174753359086, 0.47660656918918753, 0.47118406321410294, 0.45272711143196903, 0.44925912244704397, 0.43866529196871457, 0.4298195627480326, 0.42136272443167744, 0.4124313835095049, 0.40884859726556055, 0.39714508987912783, 0.3858436368634213, 0.38049892742038016, 0.37611685246366816, 0.3627772542788123, 0.3563619326717761, 0.3513156744425403, 0.34332375457823533, 0.33894820955997557, 0.331983623335675, 0.3296823164600632, 0.3159830046370755, 0.3120818698426194, 0.3079092355154093, 0.3036291320578337, 0.3020022461309138, 0.28925489206728533, 0.2830846393465092, 0.27927261045308366, 0.274260772325212, 0.2741473638303441, 0.269576596068349, 0.2606528850455117, 0.260863936528599, 0.24846297969517422, 0.25275571833231564, 0.2450345935591007, 0.23805778500264305, 0.24391186291784894, 0.23648485989617327, 0.2316909714198743, 0.2300023171272942, 0.22759827145878214, 0.21788478702705597, 0.21727455211365373, 0.2121724165505975, 0.21403069603171954, 0.2077467419452456, 0.203770731550919, 0.2027368905212282, 0.1980081225831868, 0.19984467075288787, 0.19068843567736415, 0.18966899110249466, 0.18861144288824733, 0.18344157919480064, 0.18617133643269368, 0.18557722442077285, 0.1757770583167365, 0.18137981996366906, 0.1717436881447227, 0.17076465520290823, 0.17010591354549454, 0.16873156728335362, 0.16507945990323195, 0.1640707743835198, 0.16371615673500892, 0.16294891791643587, 0.16215199177379663, 0.15745926374505395, 0.1481182529160464, 0.15233455178017777, 0.1492072369465824],